N,P,K,temperature,humidity,ph,rainfall,label
79.38,29.13,45.0,29.72,80.73,6.57,187.8,rice
52.69,61.46,58.82,24.59,62.0,6.55,75.48,tomato
85.82,46.04,31.23,21.99,66.43,6.47,105.26,maize
67.99,53.79,59.72,23.1,68.56,6.71,93.28,tomato
103.45,47.52,33.63,28.95,84.18,5.83,195.55,rice
76.64,42.87,45.47,27.6,70.6,6.58,58.67,cotton
96.52,33.99,41.94,25.32,61.57,6.35,66.87,maize
88.15,33.43,45.15,16.3,49.99,6.27,74.69,maize
101.62,46.26,35.76,22.45,70.83,6.39,54.5,maize
47.74,53.18,48.99,21.36,70.12,6.12,82.83,beans
98.44,57.72,71.58,14.35,73.44,6.56,68.88,cabbage
22.64,66.63,39.2,17.83,69.02,5.99,93.85,beans
91.84,29.2,43.9,28.05,81.64,6.59,195.86,rice
47.33,50.02,27.92,20.97,73.2,5.77,51.9,beans
76.99,55.47,74.38,24.19,59.17,6.4,82.82,tomato
40.19,63.02,44.09,19.29,73.68,6.04,71.68,beans
73.84,46.82,70.68,23.33,71.52,6.59,59.57,cabbage
102.86,46.06,60.57,17.88,57.24,6.28,78.26,cabbage
42.84,35.21,42.3,23.84,49.49,6.79,53.77,cotton
62.82,42.11,49.1,29.33,48.25,7.48,21.96,cotton
92.68,51.71,55.01,21.91,66.64,6.07,73.25,maize
103.53,50.9,51.69,25.36,66.73,5.37,130.7,maize
100.39,52.43,69.05,19.44,79.87,6.55,55.49,cabbage
120.36,53.04,59.24,20.83,74.73,6.37,69.66,cabbage
109.5,45.63,37.92,27.53,83.12,5.56,168.2,rice
51.89,46.84,51.57,24.8,52.25,6.72,78.96,cotton
53.08,55.09,79.05,23.02,67.72,6.85,50.16,tomato
77.02,37.39,21.93,28.41,84.11,6.48,217.41,rice
58.3,28.96,50.04,27.09,57.55,6.97,35.13,cotton
90.71,33.87,42.42,26.54,77.43,6.09,207.05,rice
92.15,43.89,73.24,15.62,75.45,6.29,50.86,cabbage
70.07,63.96,100.13,13.03,81.28,5.62,77.53,potato
62.86,60.92,69.09,24.47,61.0,6.18,67.21,tomato
38.38,62.05,47.58,12.97,72.91,5.51,76.96,beans
81.13,49.03,62.26,22.15,63.77,6.46,89.15,tomato
95.77,44.05,40.43,21.41,68.92,5.24,69.19,maize
79.27,56.62,112.95,15.01,63.96,5.73,69.31,potato
43.51,53.05,43.13,19.87,66.13,6.11,71.78,beans
82.01,62.15,112.55,18.66,76.41,5.55,76.38,potato
91.87,51.64,72.15,19.83,70.94,6.84,69.15,cabbage
66.76,47.85,56.64,23.23,69.96,6.65,54.13,tomato
57.44,33.05,47.54,21.71,58.07,6.65,69.53,cotton
68.26,64.5,75.61,20.4,76.54,6.58,85.11,tomato
55.07,37.37,41.72,26.7,41.13,7.06,28.43,cotton
61.9,58.56,98.0,20.59,59.2,5.95,45.6,potato
59.65,57.76,55.92,23.69,63.17,6.32,58.05,tomato
42.06,45.98,43.47,17.18,63.11,6.27,90.42,beans
93.66,50.32,50.45,21.84,58.78,6.15,56.27,maize
55.23,31.09,37.49,27.73,51.83,6.81,82.55,cotton
59.69,59.09,48.89,23.67,61.35,6.48,95.25,tomato
87.7,35.52,30.63,25.83,63.14,6.85,100.76,maize
99.34,62.72,67.2,18.52,78.67,6.39,51.57,cabbage
76.88,57.37,89.14,12.61,79.14,5.32,47.57,potato
41.28,34.6,51.29,26.74,66.04,6.8,58.75,cotton
30.74,62.69,41.87,22.19,71.01,5.8,106.61,beans
49.07,18.98,48.81,25.17,58.35,6.78,74.05,cotton
91.48,54.52,99.39,16.22,63.46,5.76,77.89,potato
62.68,40.14,52.27,30.32,63.49,6.92,52.01,cotton
77.52,46.98,31.37,30.75,82.08,6.31,173.45,rice
89.61,27.15,22.44,26.51,81.7,5.75,189.01,rice
57.54,33.15,44.48,25.89,49.03,7.15,33.03,cotton
92.38,45.95,106.67,18.53,74.25,5.99,83.99,potato
87.87,60.04,102.16,15.4,65.7,6.76,57.16,potato
97.39,51.68,37.38,23.82,65.62,6.18,93.8,maize
60.43,37.56,41.64,29.14,70.96,6.89,62.08,cotton
69.88,58.03,60.39,25.21,52.26,5.95,74.53,tomato
99.52,59.14,29.7,20.35,57.14,6.34,100.82,maize
99.33,55.39,38.56,18.77,70.63,5.87,101.13,maize
94.1,64.07,121.03,17.38,73.38,5.76,71.19,potato
78.5,43.79,37.66,28.64,71.96,7.31,44.62,cotton
39.82,47.46,55.6,19.48,60.7,5.48,105.43,beans
65.78,41.32,62.07,19.74,57.27,6.51,32.29,cotton
78.25,24.77,48.08,28.72,66.36,7.29,41.0,cotton
34.14,36.36,43.64,14.67,67.08,5.94,83.59,beans
112.12,35.95,43.19,24.58,85.87,6.2,188.9,rice
49.45,31.69,47.97,26.78,65.71,7.0,47.94,cotton
100.15,35.34,39.41,24.38,90.29,6.25,269.99,rice
90.81,68.31,37.7,20.47,49.63,5.6,122.22,maize
60.24,54.02,62.89,19.88,64.52,6.43,71.02,tomato
33.31,56.99,63.61,22.25,46.25,5.77,88.59,beans
85.64,41.36,41.86,22.29,62.9,6.02,95.38,maize
86.07,53.14,77.77,18.16,81.31,5.84,91.24,cabbage
103.12,47.73,46.26,27.21,72.49,5.81,180.47,rice
95.84,46.38,48.1,24.7,48.19,6.45,79.33,maize
49.55,47.88,52.7,15.3,53.23,5.96,42.06,beans
57.0,23.03,39.97,29.26,48.71,6.73,84.32,cotton
93.28,70.29,90.02,19.91,59.82,5.63,76.72,potato
71.49,22.05,54.82,30.08,46.43,6.53,39.59,cotton
73.49,40.73,60.14,21.93,64.99,6.32,49.33,tomato
83.09,45.81,109.91,15.98,75.81,5.47,54.11,potato
91.95,31.6,25.94,21.9,55.24,6.24,115.49,maize
59.78,56.74,44.64,21.55,76.48,6.29,62.77,tomato
107.3,36.75,32.28,29.84,85.49,6.55,183.18,rice
77.85,46.66,110.29,21.44,72.44,6.21,82.68,potato
81.46,61.69,86.32,14.05,64.69,5.9,76.56,potato
85.69,51.27,64.88,12.43,77.9,5.77,50.71,cabbage
61.83,26.62,48.03,21.85,57.69,6.94,49.56,cotton
27.29,67.96,44.65,20.72,66.98,6.08,92.21,beans
50.33,37.58,52.89,28.69,63.03,7.36,31.68,cotton
78.49,42.29,36.84,24.16,43.97,6.97,69.35,maize
40.78,64.5,47.88,20.93,65.37,5.09,87.96,beans
69.81,43.73,32.99,28.53,60.74,5.58,100.31,maize
60.92,44.9,44.2,29.24,54.04,6.8,37.57,cotton
86.11,54.23,57.98,24.17,71.96,6.47,52.76,tomato
39.81,61.42,34.12,22.31,74.36,5.92,108.06,beans
78.04,61.17,99.32,15.39,64.55,5.61,63.29,potato
101.78,36.98,32.57,28.44,84.43,5.95,222.78,rice
90.82,53.83,103.63,18.72,66.82,5.56,96.15,potato
94.38,49.2,37.21,23.79,77.64,6.26,198.74,rice
39.08,63.73,47.32,17.12,74.06,6.05,45.42,beans
95.17,43.09,37.33,24.98,48.7,7.24,93.76,maize
67.22,44.89,63.61,25.11,48.29,6.5,70.32,cotton
24.98,58.26,45.54,19.84,60.72,6.32,95.69,beans
62.35,36.77,43.3,28.31,49.18,6.65,52.94,cotton
83.4,63.88,110.67,17.73,67.65,5.94,73.19,potato
93.72,54.75,110.46,19.93,63.99,5.91,46.27,potato
76.2,58.75,95.17,16.65,85.56,5.61,47.99,potato
56.81,23.53,47.43,31.41,38.67,6.75,47.91,cotton
38.29,65.96,29.52,18.85,66.63,6.41,50.73,beans
65.95,36.75,62.53,22.56,79.35,6.53,68.25,tomato
96.32,63.78,77.31,15.58,62.58,6.42,80.48,cabbage
71.72,53.5,38.83,21.13,70.07,6.45,79.49,tomato
37.99,45.03,51.22,15.64,74.53,6.44,56.41,beans
74.13,47.98,67.38,19.9,55.95,6.44,61.23,cabbage
67.14,54.07,48.79,24.7,59.34,6.82,48.02,cotton
94.26,56.49,26.19,28.78,86.71,6.16,184.2,rice
83.8,39.33,74.89,21.24,84.32,6.71,49.11,cabbage
88.12,38.26,41.81,23.91,86.31,6.57,160.31,rice
97.17,38.42,69.36,21.69,67.78,5.94,52.78,cabbage
95.48,39.76,38.09,25.11,58.49,6.06,81.19,maize
35.51,77.84,40.0,15.77,56.8,6.03,60.48,beans
109.56,41.26,71.27,17.09,83.0,5.8,56.31,cabbage
101.29,44.36,48.85,30.28,51.53,7.03,86.42,maize
56.81,25.28,52.62,26.34,44.35,6.69,24.42,cotton
79.76,37.76,53.21,24.79,66.76,6.19,103.25,maize
97.82,66.59,86.66,16.67,77.15,5.78,67.99,potato
58.62,23.63,57.74,30.83,41.88,6.53,53.01,cotton
33.62,57.83,34.86,20.86,55.98,5.34,93.05,beans
86.82,54.57,97.89,19.03,72.43,5.93,65.06,potato
102.58,38.97,62.01,14.7,78.97,6.24,73.09,cabbage
106.12,44.67,76.29,18.7,66.28,6.2,55.16,cabbage
43.42,52.57,23.0,19.24,61.05,6.0,105.6,beans
98.93,45.15,102.53,20.3,69.98,5.85,60.65,potato
75.06,38.61,34.3,26.44,82.47,6.23,207.58,rice
98.92,41.88,38.21,27.53,58.56,6.63,41.8,maize
99.56,33.45,41.32,26.92,77.11,6.25,207.02,rice
74.37,33.42,52.29,25.16,71.85,6.26,86.82,maize
65.41,55.48,54.15,22.99,57.35,6.37,78.39,tomato
64.99,52.01,78.19,14.99,82.27,6.64,50.07,cabbage
80.11,39.88,38.76,25.75,64.24,5.86,84.95,maize
43.23,56.07,36.43,17.89,68.6,5.58,92.1,beans
52.96,70.63,45.73,17.59,72.79,5.79,96.79,beans
83.89,71.58,99.69,17.03,72.86,5.69,92.39,potato
84.45,52.86,54.7,24.94,73.77,5.92,98.96,maize
69.18,69.28,61.31,23.93,48.14,6.43,60.24,tomato
97.81,37.59,34.43,29.2,54.36,6.47,97.27,maize
45.3,55.94,57.13,14.94,77.72,5.79,79.99,beans
85.68,42.7,37.75,27.75,80.17,6.32,180.26,rice
46.03,63.7,47.64,19.96,79.39,5.77,53.05,beans
84.98,58.18,55.93,29.73,69.34,6.41,61.35,tomato
83.92,47.53,72.24,19.48,71.07,6.53,61.48,cabbage
94.25,34.64,53.37,29.16,83.22,6.24,211.15,rice
86.24,63.63,109.24,14.33,79.35,5.77,70.55,potato
101.97,56.13,69.05,19.46,78.36,6.23,66.64,cabbage
90.38,44.72,87.87,18.72,85.61,6.37,94.58,potato
85.12,46.43,29.39,19.4,60.43,6.77,88.64,maize
87.79,44.72,59.53,18.04,93.22,6.29,75.87,cabbage
67.14,66.69,63.11,29.18,67.82,6.28,46.0,tomato
84.69,63.6,109.0,17.23,67.51,4.98,52.81,potato
106.62,53.47,71.32,12.41,80.05,6.39,66.49,cabbage
75.66,52.24,120.73,19.03,69.99,6.59,79.06,potato
92.31,40.2,66.68,14.77,85.06,6.97,62.99,cabbage
89.68,71.49,80.6,21.29,80.12,6.03,67.78,potato
91.71,51.71,38.04,28.85,67.43,6.76,73.87,maize
54.88,52.71,46.68,24.07,68.28,6.49,47.09,beans
105.82,54.66,63.06,14.87,79.13,6.91,71.03,cabbage
85.98,36.71,39.25,25.91,53.3,6.08,78.45,maize
103.28,24.67,43.89,29.92,80.4,5.93,197.48,rice
45.26,67.37,55.5,20.59,84.0,5.36,112.56,beans
84.87,52.45,43.48,22.23,55.73,6.78,104.28,maize
105.44,43.86,70.54,12.87,76.97,6.29,63.32,cabbage
56.71,17.1,61.44,28.66,54.77,6.96,22.2,cotton
59.36,31.19,52.19,24.7,43.66,6.96,49.45,cotton
100.3,41.01,63.24,27.47,48.94,6.56,56.29,maize
85.42,54.54,108.48,19.91,73.37,6.42,68.12,potato
64.03,37.57,42.74,25.47,59.03,6.65,62.79,cotton
82.13,52.03,78.37,22.3,62.31,6.79,92.27,tomato
66.59,31.5,43.43,28.72,59.0,6.23,84.93,maize
71.35,70.82,101.38,22.18,77.83,5.88,64.87,potato
83.16,48.65,39.55,23.84,83.06,6.29,201.16,rice
90.46,58.76,100.81,17.33,60.32,5.62,52.14,potato
107.43,50.7,80.22,19.01,78.82,6.14,69.83,cabbage
89.4,31.18,38.69,23.69,56.34,5.82,72.22,maize
99.09,42.74,38.14,28.05,91.41,6.34,194.2,rice
105.86,48.43,62.56,21.5,81.75,7.05,39.46,cabbage
71.77,59.13,74.27,24.24,62.81,6.16,56.1,tomato
55.92,34.56,44.45,26.36,68.75,6.93,39.79,cotton
97.51,43.75,38.93,19.26,54.77,6.3,77.72,maize
95.49,44.4,31.41,26.0,86.35,6.01,192.95,rice
107.94,43.87,38.7,23.8,70.62,6.37,106.25,maize
47.99,57.98,39.68,21.67,69.62,5.77,79.29,beans
33.75,22.21,45.02,24.53,57.43,7.19,60.38,cotton
82.01,50.08,41.41,29.23,66.56,6.09,84.12,maize
107.02,36.45,36.05,26.53,73.97,6.05,155.33,rice
84.03,38.71,45.68,29.01,75.86,5.58,223.12,rice
82.06,48.57,37.87,26.54,62.63,5.82,90.64,maize
56.83,60.1,60.31,26.6,68.88,6.33,59.3,tomato
89.55,42.05,74.22,16.05,85.33,6.31,76.53,cabbage
79.2,43.88,32.77,28.47,84.04,6.0,195.03,rice
75.49,46.25,51.76,30.19,66.64,6.46,37.12,cotton
67.55,45.0,69.48,22.68,76.63,6.69,54.98,tomato
73.86,43.16,18.37,26.34,73.99,6.81,178.48,rice
95.16,43.68,74.96,17.47,84.13,6.74,54.8,cabbage
37.0,46.13,44.16,20.71,66.17,5.73,84.93,beans
36.66,36.67,42.28,25.17,52.94,6.98,49.29,cotton
68.39,32.9,55.95,26.72,63.42,6.55,55.44,cotton
71.03,67.63,101.13,10.27,57.2,5.34,70.58,potato
101.55,42.27,40.52,30.3,96.96,6.11,176.59,rice
96.8,43.71,70.56,19.81,83.27,6.74,57.09,cabbage
94.11,51.74,92.07,14.97,69.78,5.43,110.48,potato
87.71,42.05,66.48,18.7,77.93,6.01,86.53,cabbage
66.63,57.23,41.38,25.96,65.02,6.2,69.84,tomato
98.94,35.52,79.37,17.73,86.76,6.31,64.31,cabbage
44.75,57.97,40.25,24.55,73.62,5.46,97.29,beans
68.33,68.45,66.67,12.05,70.42,5.77,89.87,tomato
60.36,53.38,57.79,20.77,68.29,6.28,78.56,tomato
94.43,37.4,45.15,24.79,58.36,6.08,74.93,maize
52.68,54.57,44.57,26.94,50.91,6.61,43.74,cotton
60.86,38.17,42.9,24.57,66.12,6.83,65.83,cotton
89.94,62.92,91.67,21.73,71.82,5.99,73.35,potato
71.77,61.13,131.62,13.23,61.86,5.65,48.13,potato
69.82,52.61,60.36,24.34,67.53,6.32,62.71,tomato
80.83,50.44,35.33,24.24,71.78,5.74,190.63,rice
90.53,59.39,48.38,24.67,61.68,6.64,58.0,tomato
72.51,27.94,42.52,27.51,54.57,5.91,126.43,maize
73.52,25.3,46.36,25.38,51.96,7.36,56.75,cotton
56.95,40.3,41.73,29.58,59.86,7.25,37.78,cotton
58.22,26.19,55.5,24.67,59.61,7.12,37.96,cotton
77.91,46.25,46.58,21.55,60.7,6.42,80.93,tomato
84.4,52.4,94.36,17.69,72.21,6.22,66.98,potato
72.87,41.11,48.41,27.48,81.63,5.23,214.76,rice
58.87,61.14,62.44,19.17,65.97,5.94,72.23,tomato
59.01,29.91,59.57,25.81,54.25,7.4,61.11,cotton
64.77,60.12,52.93,25.82,64.96,6.51,104.22,tomato
91.33,36.04,55.03,29.19,74.46,6.34,157.29,rice
93.0,49.78,84.01,17.46,80.58,6.65,54.71,cabbage
68.66,35.54,48.65,24.88,63.98,7.47,30.57,cotton
79.12,59.49,106.01,13.78,72.44,5.44,61.59,potato
88.48,63.01,63.96,22.05,55.12,6.74,92.98,tomato
60.86,70.29,105.59,17.19,71.47,6.16,73.06,potato
118.9,54.25,76.77,17.84,83.4,6.49,66.66,cabbage
109.24,48.62,76.01,16.14,75.68,6.84,52.96,cabbage
76.79,59.55,79.18,15.74,78.17,5.78,68.44,potato
62.0,56.86,114.23,15.45,79.13,5.57,67.56,potato
59.01,73.12,88.67,22.53,82.61,5.01,84.93,potato
86.4,54.4,95.28,20.29,76.96,6.4,83.23,potato
82.52,57.04,59.42,24.43,70.59,6.19,76.16,tomato
100.76,43.54,39.81,22.72,86.3,5.91,158.33,rice
91.53,34.42,41.47,21.71,54.05,6.63,94.07,maize
48.51,45.46,67.59,30.03,64.68,6.9,55.99,cotton
43.01,65.21,35.8,22.83,67.92,6.34,98.79,beans
92.97,41.02,82.59,18.83,72.84,6.34,74.78,cabbage
79.61,53.53,31.5,20.48,59.45,5.98,94.83,maize
34.6,58.37,40.02,21.65,66.08,5.75,74.61,beans
121.81,31.93,25.13,27.18,85.35,5.31,209.93,rice
46.37,47.16,48.68,18.9,70.19,5.42,91.6,beans
75.13,69.66,95.55,15.39,70.33,5.49,76.09,potato
89.64,51.04,79.11,18.27,84.62,6.04,63.93,cabbage
99.01,41.61,36.71,23.71,68.0,6.98,94.95,maize
105.23,67.71,74.68,16.88,71.36,6.97,69.83,cabbage
88.42,41.21,35.91,27.04,87.11,6.0,232.48,rice
100.46,47.51,60.14,24.2,59.06,5.47,66.47,maize
20.15,74.9,38.52,16.21,59.43,6.25,43.32,beans
100.54,51.72,39.96,23.12,72.83,6.64,65.11,maize
67.78,63.21,34.98,18.75,76.56,5.66,67.43,tomato
102.73,51.93,104.7,16.5,64.03,5.31,68.53,potato
62.96,37.81,39.15,25.07,59.32,6.45,62.12,cotton
56.25,37.59,51.88,25.04,58.01,6.38,77.93,cotton
91.79,71.19,104.62,17.35,70.23,5.62,59.03,potato
74.56,49.76,118.05,11.47,59.85,6.2,62.16,potato
112.32,64.22,52.86,15.21,75.11,6.43,44.24,cabbage
50.63,43.03,54.96,27.76,75.52,6.42,55.03,tomato
22.97,58.68,26.92,16.56,61.91,5.48,87.46,beans
61.69,65.24,42.48,19.35,51.1,6.12,105.66,beans
59.37,22.24,58.09,24.55,58.28,6.48,67.66,cotton
76.15,61.22,60.31,27.31,70.36,6.87,65.26,tomato
73.19,62.45,51.06,28.65,56.83,6.61,99.41,tomato
48.16,34.47,49.75,28.05,81.17,6.82,44.72,cotton
98.06,48.7,27.87,29.88,83.85,5.46,198.37,rice
124.01,52.36,80.68,13.54,77.09,6.68,59.97,cabbage
88.63,56.71,44.3,23.0,66.08,5.89,116.72,maize
88.4,55.89,97.18,22.77,84.65,6.22,55.15,potato
40.48,59.81,52.91,15.87,53.06,5.79,64.17,beans
41.83,70.94,43.31,21.13,59.88,6.45,85.22,beans
23.32,71.82,49.51,19.34,56.2,5.75,80.2,beans
42.34,77.83,28.14,20.96,60.69,5.46,76.24,beans
86.14,53.47,112.47,17.83,63.1,5.89,46.12,potato
83.81,60.95,85.63,13.86,48.08,5.81,76.23,potato
45.94,60.22,46.06,16.8,71.98,6.58,84.24,beans
60.98,46.88,77.54,26.5,68.28,6.05,76.3,tomato
103.9,40.51,47.56,27.9,78.57,6.17,211.5,rice
80.49,40.71,49.07,20.0,59.85,6.61,85.67,tomato
81.18,37.91,49.83,24.93,90.38,6.54,152.86,rice
96.02,45.18,46.6,25.09,94.33,6.21,218.98,rice
49.52,64.11,35.55,18.63,62.76,7.12,54.85,beans
93.39,42.07,36.82,25.04,88.45,6.58,166.94,rice
78.25,55.58,98.3,14.43,64.7,5.27,84.01,potato
63.43,58.98,77.85,18.05,50.49,6.94,61.08,cabbage
105.44,46.23,37.14,24.62,84.69,5.82,213.65,rice
74.69,37.28,37.05,17.13,51.68,5.81,69.31,maize
101.26,52.18,61.53,13.82,77.09,6.96,62.59,cabbage
87.26,37.04,28.25,24.44,76.48,5.26,213.06,rice
75.8,45.88,62.73,23.21,66.05,6.6,75.49,tomato
77.57,46.19,39.68,28.19,78.72,6.03,218.76,rice
52.58,32.57,46.31,29.2,57.4,7.24,74.21,cotton
115.7,36.81,47.33,29.18,41.52,6.29,61.04,maize
91.34,59.83,112.23,18.48,64.59,6.19,63.94,potato
74.82,61.84,68.51,22.74,65.29,6.29,56.81,tomato
77.52,44.21,41.76,24.95,63.07,6.34,73.48,maize
85.57,53.98,78.46,19.74,78.24,6.39,33.69,cabbage
94.39,45.17,30.25,22.88,64.19,5.74,76.94,maize
95.36,47.29,40.0,23.56,63.07,5.89,41.74,maize
110.39,54.65,62.02,17.35,82.77,6.51,67.94,cabbage
95.97,38.43,32.11,25.24,45.35,6.12,98.93,maize
93.61,34.08,39.93,27.98,87.56,5.89,201.77,rice
77.02,46.33,54.42,18.41,56.08,6.29,92.75,tomato
70.36,57.83,103.98,15.14,81.37,5.26,62.7,potato
83.23,47.69,40.24,27.47,91.63,5.89,205.71,rice
66.69,53.1,94.61,18.19,69.74,5.67,68.59,potato
77.86,55.18,110.02,14.64,76.02,5.79,102.08,potato
95.49,64.02,54.22,23.31,76.83,6.35,41.38,tomato
86.31,59.66,86.97,12.87,76.47,6.35,80.72,potato
47.84,38.21,43.57,28.13,40.27,7.04,48.36,cotton
52.94,64.09,63.65,24.77,62.08,6.42,59.89,tomato
65.91,35.92,40.21,25.06,55.27,6.62,57.74,cotton
119.25,38.23,67.41,17.12,82.42,6.32,60.44,cabbage
90.79,42.15,36.93,26.78,66.85,5.56,95.93,maize
56.71,26.01,42.04,29.6,55.75,6.88,70.68,cotton
84.8,60.72,102.11,15.1,65.52,6.06,58.0,potato
65.63,28.37,50.49,27.92,62.24,8.01,29.54,cotton
80.83,72.53,78.14,16.82,82.8,5.86,64.36,potato
28.12,59.93,50.7,17.05,59.19,5.63,87.08,beans
75.87,55.79,52.47,22.5,56.64,6.07,99.01,tomato
89.98,31.77,37.78,28.87,77.04,6.02,188.15,rice
86.32,23.12,37.73,25.11,88.29,6.53,215.81,rice
64.79,65.81,60.84,19.51,65.82,6.81,81.74,tomato
63.78,71.73,101.94,11.25,70.63,6.43,39.12,potato
95.61,37.53,31.14,20.67,64.43,5.75,88.26,maize
52.25,40.33,63.78,32.55,46.97,6.61,81.57,cotton
84.36,38.5,34.17,29.46,57.72,5.01,64.38,maize
56.03,62.33,33.58,22.43,63.57,5.67,64.23,beans
91.19,52.93,62.81,15.23,55.93,6.83,74.61,cabbage
72.72,60.08,55.1,25.66,66.62,6.4,62.66,tomato
67.89,65.3,56.88,24.12,57.7,6.1,59.12,tomato
86.46,38.58,41.72,30.88,81.08,5.74,223.38,rice
51.59,67.33,49.08,22.52,58.35,5.44,44.47,beans
112.29,51.37,66.58,16.44,66.71,6.94,41.73,cabbage
62.65,65.31,122.1,19.26,60.41,6.13,67.31,potato
66.58,71.39,59.07,27.94,69.93,6.33,68.46,tomato
73.88,44.76,40.63,24.15,71.45,6.33,52.07,tomato
97.58,37.08,35.27,23.43,41.33,6.56,94.98,maize
40.43,54.62,48.6,20.08,84.1,5.69,69.43,beans
86.68,46.84,48.72,23.36,60.99,6.58,66.15,tomato
58.48,59.33,53.63,21.6,80.22,5.87,84.8,beans
79.13,56.28,93.6,21.11,70.2,5.31,75.31,potato
86.36,50.25,50.22,21.9,80.4,5.88,47.78,cabbage
96.75,59.27,97.04,14.14,84.12,5.99,72.1,cabbage
43.75,66.6,39.28,21.52,61.27,6.44,93.14,beans
46.37,49.66,33.87,22.94,71.09,6.26,74.52,beans
68.58,56.26,60.29,26.47,67.72,6.77,49.35,tomato
86.88,39.88,72.57,20.18,84.88,6.17,44.89,cabbage
47.85,29.18,50.74,30.05,67.98,6.93,54.27,cotton
100.02,42.08,24.92,29.13,78.25,5.44,151.53,rice
33.92,56.65,40.47,15.84,52.99,5.82,91.8,beans
30.56,69.46,40.07,23.57,64.29,5.53,68.45,beans
47.48,62.15,60.63,22.67,84.56,6.24,71.3,tomato
90.97,46.3,92.07,18.03,90.48,6.37,61.29,cabbage
107.7,48.07,35.13,31.13,80.48,5.41,188.84,rice
87.13,54.48,98.03,26.18,49.87,5.6,55.65,potato
114.28,38.76,70.95,12.78,76.01,7.26,55.07,cabbage
73.14,54.59,62.79,27.85,55.07,6.92,61.76,tomato
88.27,63.15,93.08,14.51,86.25,5.53,91.65,potato
69.43,58.13,48.28,24.85,74.06,6.23,62.04,tomato
75.59,63.47,55.69,21.76,68.64,6.84,42.88,tomato
83.59,51.54,89.76,14.25,64.22,6.74,49.76,potato
29.39,64.45,34.71,17.81,64.05,5.45,95.49,beans
45.2,56.72,42.55,17.21,68.0,6.24,80.71,beans
84.7,67.97,97.07,14.65,67.64,5.44,65.78,potato
95.44,50.91,69.72,15.4,77.95,6.23,58.8,cabbage
65.21,56.62,68.31,27.11,58.13,6.79,77.86,tomato
104.32,36.08,37.24,29.21,84.83,5.97,180.46,rice
32.03,64.82,52.02,20.09,66.79,6.68,80.59,beans
27.4,69.99,61.77,16.51,68.11,5.77,83.95,beans
35.01,56.96,56.74,24.09,67.26,6.45,83.06,beans
23.89,63.24,38.17,18.25,45.69,5.91,101.99,beans
96.19,59.51,51.92,24.03,70.63,6.24,37.89,cabbage
63.01,26.55,39.06,31.25,44.24,6.07,47.73,cotton
97.13,39.69,35.8,28.96,79.99,5.63,211.12,rice
86.62,41.49,26.98,28.59,85.94,5.98,169.33,rice
63.92,48.12,94.87,13.74,52.97,5.88,57.1,potato
85.0,55.32,84.83,19.53,74.35,5.67,79.54,potato
98.85,39.51,36.0,26.55,74.86,6.77,222.5,rice
57.84,63.8,70.49,24.9,66.81,6.14,60.57,tomato
61.59,49.33,53.52,25.56,46.81,7.25,21.17,cotton
66.9,47.62,53.72,21.13,64.12,6.43,68.73,tomato
37.22,48.72,46.43,21.04,59.41,6.03,91.9,beans
71.67,69.86,111.61,12.59,60.64,6.3,75.03,potato
93.35,53.13,74.07,15.45,55.98,6.7,60.84,cabbage
96.82,53.39,78.68,14.01,64.84,5.85,80.79,potato
87.9,46.91,30.02,26.92,94.19,6.79,229.24,rice
17.78,64.6,47.63,13.36,67.26,5.59,73.08,beans
55.06,58.58,55.19,20.74,64.53,6.22,50.19,tomato
90.63,46.38,71.95,24.36,78.33,6.97,53.58,cabbage
46.46,28.3,54.7,24.0,59.43,6.51,38.87,cotton
79.3,59.94,104.8,18.68,74.09,5.49,68.85,potato
86.16,47.14,49.65,26.25,66.0,5.6,56.96,maize
49.86,58.54,34.02,23.09,65.02,6.91,59.87,beans
78.92,59.3,84.38,17.9,85.1,6.08,55.02,potato
87.4,38.76,55.08,29.92,62.1,6.54,64.17,cotton
63.15,29.97,48.58,23.97,49.65,6.42,54.17,cotton
61.73,55.09,41.08,22.89,53.98,6.4,74.91,tomato
31.4,58.32,49.39,23.4,52.42,6.04,69.89,beans
93.02,47.68,57.14,21.74,65.54,6.21,48.5,cabbage
108.96,42.22,42.6,26.39,82.68,6.1,181.06,rice
60.85,46.34,58.97,25.77,65.95,6.71,79.27,tomato
90.6,45.52,55.93,15.17,74.32,6.44,72.33,cabbage
91.4,33.23,40.72,26.48,64.17,6.08,104.29,maize
63.95,34.68,48.61,24.07,51.91,5.85,36.0,cotton
58.96,40.12,56.2,21.29,51.76,6.56,81.25,tomato
85.14,46.15,27.71,24.17,74.89,6.67,217.53,rice
36.49,37.06,54.0,20.42,75.18,6.59,81.03,beans
71.64,42.04,72.14,27.09,71.05,6.69,79.19,tomato
84.7,60.47,75.55,20.37,71.08,5.91,81.8,cabbage
76.47,55.31,42.96,24.33,64.38,5.97,46.61,tomato
86.29,44.67,29.0,28.43,63.42,6.83,119.02,maize
93.47,48.32,28.29,26.35,48.14,6.75,65.55,maize
75.65,34.78,43.77,27.21,57.26,5.57,99.42,maize
89.8,48.2,29.05,27.57,61.62,6.33,104.14,maize
83.85,46.76,40.25,26.59,56.23,6.24,95.24,maize
75.25,46.04,48.61,19.77,71.59,6.32,76.26,tomato
66.1,37.02,33.27,17.36,68.03,6.77,67.89,tomato
93.83,55.67,63.37,24.01,72.89,6.93,42.84,tomato
100.68,57.38,70.98,18.28,81.61,6.37,69.78,cabbage
44.91,55.66,45.92,21.02,64.18,5.74,95.82,beans
94.95,57.81,32.97,18.73,62.21,6.2,100.97,maize
101.77,49.27,65.32,19.52,73.29,6.6,54.5,cabbage
41.48,26.79,60.72,26.7,82.63,7.08,56.5,cotton
82.33,41.68,34.77,26.19,61.58,5.98,81.53,maize
46.8,55.35,59.88,22.23,66.2,6.54,70.4,tomato
58.29,35.45,52.37,28.25,50.52,6.79,42.18,cotton
51.68,24.06,41.01,19.16,45.9,6.11,41.59,cotton
79.37,50.12,73.9,16.38,78.57,6.42,54.47,cabbage
98.15,60.97,33.17,26.97,44.06,5.4,94.71,maize
85.42,35.2,35.56,26.44,70.57,6.38,77.61,maize
102.39,49.08,43.95,26.54,77.2,5.73,223.19,rice
80.23,55.87,36.13,23.01,63.68,6.43,72.01,maize
82.87,58.08,94.43,21.59,70.91,6.01,80.99,potato
103.55,47.85,48.02,20.84,61.11,6.13,60.9,maize
102.94,55.28,93.38,15.69,77.23,6.79,51.58,cabbage
97.03,41.11,28.26,20.96,48.16,6.17,77.45,maize
81.83,48.57,101.37,19.2,78.45,5.5,76.69,potato
79.54,69.12,92.98,17.02,66.73,5.61,57.94,potato
59.5,29.19,56.2,20.35,58.65,7.39,51.25,cotton
95.47,52.9,33.55,26.25,84.11,6.42,202.02,rice
85.27,55.28,61.91,21.88,52.9,6.0,62.61,cabbage
82.45,72.3,99.1,19.62,69.25,5.72,41.43,potato
84.09,33.18,39.72,26.77,73.64,6.97,197.86,rice
106.72,42.64,46.61,27.13,89.84,5.65,196.32,rice
44.52,55.35,42.17,19.64,63.18,5.58,88.55,beans
94.73,57.22,80.57,18.74,79.43,5.96,89.24,potato
64.17,28.92,48.68,31.15,58.18,7.05,47.0,cotton
97.17,72.86,73.94,22.75,75.09,6.07,65.81,cabbage
92.62,36.88,41.83,23.11,57.87,6.57,129.95,maize
101.66,28.76,53.5,26.32,80.13,5.77,181.47,rice
84.6,58.08,93.5,14.53,68.94,6.24,68.64,potato
45.23,28.95,44.65,27.54,49.52,6.89,63.66,cotton
113.55,49.92,77.72,18.11,77.22,6.98,45.73,cabbage
43.4,27.15,52.5,24.53,57.89,6.89,57.27,cotton
76.86,45.05,51.38,23.99,87.47,6.94,69.42,tomato
32.28,52.67,58.65,15.24,66.03,6.36,63.79,beans
77.81,24.59,45.06,28.77,54.07,6.77,63.53,cotton
92.61,49.25,78.71,17.63,64.78,6.84,71.95,cabbage
81.83,46.9,51.26,24.46,70.48,6.04,96.69,maize
39.01,67.77,60.98,24.73,63.87,5.55,73.33,beans
60.1,19.24,49.86,26.09,58.82,7.64,48.03,cotton
70.09,65.53,91.67,16.53,83.14,5.76,70.0,potato
78.37,55.89,71.93,18.04,71.05,6.15,58.63,cabbage
108.79,53.81,72.11,15.56,62.36,6.47,60.19,cabbage
38.26,67.68,47.86,21.19,63.37,6.02,75.31,beans
98.25,48.91,40.15,27.02,85.06,6.39,217.96,rice
74.2,50.55,64.25,14.21,60.54,6.37,36.25,tomato
84.86,45.58,23.6,23.29,47.19,6.45,108.0,maize
94.9,79.14,116.7,24.48,77.3,6.1,73.87,potato
82.05,57.07,112.79,11.31,64.11,5.77,68.83,potato
39.6,75.3,43.85,26.03,66.54,5.59,81.66,beans
42.0,62.92,45.32,18.11,65.43,6.37,92.13,beans
78.36,57.73,62.79,23.87,60.78,6.34,30.22,tomato
82.41,55.01,85.43,19.65,59.13,6.74,37.0,cabbage
61.31,69.38,56.74,22.49,65.42,5.99,51.58,tomato
36.84,57.46,44.89,17.55,69.29,6.2,59.89,beans
59.06,44.6,44.85,30.38,55.07,6.7,50.75,cotton
56.52,40.62,54.76,28.07,53.94,6.56,41.15,cotton
62.31,29.79,53.76,29.45,52.06,6.7,52.31,cotton
75.6,26.68,44.8,25.68,38.2,7.26,48.28,cotton
87.56,53.15,41.42,27.2,74.06,5.72,214.92,rice
90.89,44.96,43.41,28.22,92.06,6.14,190.83,rice
46.17,26.55,51.56,28.68,48.53,6.62,84.17,cotton
46.44,57.41,44.82,19.54,52.22,5.69,84.16,beans
70.58,55.31,113.92,16.68,77.19,5.57,65.67,potato
34.71,51.31,33.34,20.49,50.92,6.13,75.34,beans
86.7,40.1,22.82,19.28,68.71,7.17,79.59,maize
86.06,29.18,71.08,19.31,69.0,6.7,62.54,cabbage
36.42,62.82,56.51,16.51,74.4,5.95,72.63,beans
63.75,35.14,60.48,29.67,53.83,7.26,44.26,cotton
105.91,34.61,41.09,28.09,71.35,7.05,198.22,rice
78.58,30.94,29.75,25.31,78.11,5.48,234.67,rice
94.6,43.55,48.44,15.78,83.68,6.95,71.95,cabbage
87.78,48.48,42.7,23.24,60.86,6.34,88.59,maize
69.86,48.24,51.67,24.39,63.42,6.04,84.51,tomato
80.46,44.82,107.77,19.94,71.79,5.66,57.17,potato
72.32,54.38,57.16,27.18,55.63,6.37,60.08,cotton
54.37,53.94,53.24,18.79,75.55,7.14,81.62,tomato
89.09,57.97,64.76,17.71,75.11,6.45,70.18,cabbage
42.91,69.97,59.28,21.65,65.07,6.03,88.71,beans
107.77,40.86,40.52,30.96,91.37,6.13,211.76,rice
113.12,37.49,23.82,29.64,90.08,6.22,166.4,rice
42.61,56.48,54.59,28.74,61.37,5.87,60.86,beans
96.04,35.54,28.18,24.37,88.2,5.96,271.13,rice
77.85,65.0,56.38,23.63,74.5,6.54,83.3,tomato
96.56,50.82,73.19,24.56,92.88,5.79,53.42,cabbage
108.17,44.68,40.92,26.64,79.43,5.51,177.34,rice
78.66,36.8,41.0,28.54,85.41,5.46,206.18,rice
42.98,66.9,41.84,19.69,64.86,6.77,79.87,beans
78.17,68.83,50.18,17.83,57.36,6.13,69.33,tomato
71.84,56.8,107.67,15.3,55.86,6.09,55.0,potato
105.36,18.0,35.03,26.16,87.63,6.02,219.23,rice
79.52,69.38,67.24,19.99,65.88,5.8,52.24,tomato
69.83,40.02,43.55,23.35,53.2,6.48,46.6,cotton
100.55,41.97,53.79,25.44,60.09,6.33,97.7,maize
39.13,68.97,49.94,17.72,63.69,5.82,89.77,beans
68.1,57.26,55.98,22.32,71.13,5.98,58.57,tomato
41.36,69.81,45.88,18.82,60.95,5.84,93.45,beans
76.43,31.74,38.45,26.79,45.46,6.9,78.21,cotton
74.31,35.1,51.37,25.94,65.22,6.64,68.13,cotton
82.1,41.32,41.04,28.27,92.81,6.05,210.51,rice
68.54,32.47,47.46,28.65,58.2,7.11,61.72,cotton
78.68,65.33,66.22,18.26,85.95,6.58,69.19,cabbage
98.29,37.78,46.22,17.81,55.16,6.02,64.35,maize
91.9,48.08,36.99,25.77,51.44,6.25,94.83,maize
35.79,46.92,43.49,20.24,46.4,5.88,81.83,beans
65.75,44.58,59.53,24.22,68.5,6.4,78.49,tomato
107.2,64.71,44.67,28.75,78.35,5.93,194.31,rice
81.43,32.47,52.05,27.51,61.58,5.78,46.15,cotton
80.74,37.3,32.66,30.85,81.33,5.89,193.04,rice
101.56,39.64,46.11,29.81,82.24,5.69,177.71,rice
42.16,71.21,29.02,15.73,60.74,5.61,58.5,beans
74.58,73.26,98.64,15.07,67.34,6.72,52.32,potato
101.14,46.05,70.44,20.94,67.88,6.71,49.43,cabbage
67.54,54.36,49.92,23.39,63.37,5.7,53.16,tomato
76.94,55.27,62.86,15.0,83.84,6.47,58.14,cabbage
52.3,56.98,42.4,19.22,55.24,6.42,44.85,beans
94.83,45.18,66.36,15.29,76.36,6.68,70.86,cabbage
27.5,70.09,47.64,17.81,74.83,6.68,98.43,beans
90.15,46.28,42.81,24.81,57.35,6.66,117.25,maize
54.73,22.82,47.56,27.23,55.59,6.61,56.33,cotton
92.66,59.84,109.0,19.36,66.79,5.46,52.64,potato
94.36,45.75,63.71,19.81,60.23,6.86,69.23,cabbage
60.89,62.97,72.45,26.31,56.42,6.4,63.82,tomato
48.75,38.16,59.33,26.34,71.97,6.42,66.04,cotton
62.18,56.99,40.41,18.91,76.78,6.61,58.11,tomato
77.28,57.72,73.33,13.25,97.14,7.13,60.13,cabbage
84.08,52.11,115.48,15.91,58.75,6.45,48.37,potato
87.09,39.12,60.85,16.15,79.41,6.72,58.44,cabbage
53.84,47.63,91.79,19.55,47.56,6.74,59.31,tomato
104.67,40.25,40.72,28.41,47.18,6.09,91.02,maize
107.24,51.85,58.46,17.1,76.11,6.49,48.34,cabbage
103.26,31.26,43.36,27.09,80.88,5.75,216.7,rice
76.29,67.44,65.66,16.23,71.13,5.75,71.53,potato
85.77,40.76,39.61,24.53,53.65,6.06,104.79,maize
35.2,50.98,63.4,14.66,50.88,5.62,91.96,beans
98.53,44.57,57.03,24.1,52.89,6.52,77.27,maize
79.69,43.36,32.84,22.59,78.62,6.02,83.86,maize
84.49,34.82,42.05,25.7,84.31,6.48,195.54,rice
112.3,41.11,61.95,16.59,90.09,6.38,52.74,cabbage
110.9,55.28,72.49,18.45,72.69,6.59,58.53,cabbage
96.39,46.86,33.25,24.89,63.52,6.63,86.81,maize
92.79,43.22,31.32,25.32,56.85,6.38,68.56,maize
92.52,48.59,37.77,23.21,84.46,5.84,238.61,rice
100.6,44.13,44.81,29.16,70.61,5.37,187.58,rice
59.12,41.04,52.89,28.68,39.09,6.17,59.69,cotton
52.51,23.69,47.95,26.53,44.38,6.63,71.83,cotton
87.7,43.88,40.45,32.63,84.14,6.03,232.07,rice
100.21,58.29,97.97,19.34,70.16,6.73,51.42,potato
76.4,39.2,42.73,24.91,63.8,5.84,94.71,maize
50.55,31.08,54.14,28.2,57.28,6.42,32.57,cotton
127.06,33.25,38.03,27.76,84.68,5.34,182.52,rice
101.59,58.23,106.92,18.9,76.04,5.75,54.95,potato
31.74,61.9,41.6,17.97,66.89,5.26,43.86,beans
46.59,71.79,30.86,19.56,59.45,6.04,75.92,beans
99.6,54.52,70.63,16.63,95.58,6.02,35.62,cabbage
82.7,47.81,31.62,29.62,81.57,6.13,218.94,rice
115.52,49.44,71.99,19.81,71.59,6.34,67.01,cabbage
89.18,47.28,31.15,27.32,79.74,5.58,227.26,rice
90.38,46.18,77.73,16.7,72.55,6.49,56.64,cabbage
86.21,37.02,30.2,20.66,53.42,5.86,69.83,maize
59.15,52.35,94.45,13.91,52.12,5.18,53.24,potato
76.25,65.87,45.58,24.36,72.79,6.32,89.36,tomato
84.37,57.63,41.24,24.7,68.54,5.98,81.77,maize
102.53,37.5,31.84,25.92,87.18,6.49,211.38,rice
108.25,44.43,34.65,28.1,80.98,6.29,215.8,rice
46.76,60.75,43.7,18.1,52.46,5.69,81.58,beans
69.59,45.82,52.03,33.83,64.64,6.29,60.29,cotton
57.79,16.28,47.14,26.52,59.27,6.99,53.78,cotton
94.35,62.33,129.5,12.01,61.84,5.69,95.2,potato
77.94,53.95,37.96,27.2,77.54,5.38,181.61,rice
47.01,63.12,52.16,23.79,53.94,5.03,68.91,beans
83.99,32.99,44.31,26.43,72.76,6.14,196.45,rice
102.61,49.74,61.91,15.77,81.68,6.33,77.23,cabbage
43.3,61.45,31.54,19.06,55.01,6.28,60.84,beans
81.39,51.59,69.66,26.44,77.66,6.45,48.2,cabbage
66.49,52.45,64.79,22.09,60.31,6.28,96.09,tomato
112.86,54.36,73.87,14.77,68.72,6.69,66.85,cabbage
63.21,64.71,85.96,12.38,66.12,6.3,83.57,potato
107.25,36.47,27.61,29.28,84.94,5.64,181.83,rice
57.89,24.44,67.91,23.45,73.85,7.54,46.05,cotton
44.35,58.54,69.69,25.6,73.36,6.1,74.46,tomato
65.65,55.1,53.06,20.86,58.9,6.35,56.49,tomato
78.97,62.03,53.83,24.22,58.95,6.73,61.53,maize
54.69,65.56,36.17,15.14,52.08,5.94,67.55,beans
79.92,35.49,50.7,27.9,61.83,6.37,114.96,maize
